{
    "type": "ItemTurret"
    "category": "turret"
    "research": {
        "parent": "js"
        "objectives": [
            {
                "type": "onSector"
                "preset": "jljd"
            }
        ]
    }
    
    "requirements": [
        "copper/220"
        "jmbl/70"
        "thorium/150"
        "silicon/175"
        "titanium/180"
    ]
    
    "size":2
    "spread": 4
    "shots": 1
    "alternate": true
    "hasLiquids": true
    "liquidCapacity": 20
    "reload": 24
    "restitution": 0.03
    "range": 220
    "shootCone": 85
    "health": 1080
    "inaccuracy": 2
    "rotateSpeed": 10
    "shootSound": "shootBig"
    "coolantMultiplier": 0.8
    
    "consumes": {
        "coolant": {
            "amount": 0.2
            "optional": true
        }
    }
    
    "ammoTypes": {
    
      "copper":{
    "type": "LaserBulletType"
    "damage": 65
    "reloadMultiplier":0.8
    "colors": ["ff9900" "ff9900" "ffffff"]
    "hitSize": 4
    "lifetime": 16
    "drawSize": 400
    "collidesAir": true
    "length": 230
    "ammoMultiplier": 1
      }
      
      "lead":{
    "type": "LaserBulletType"
    "damage": 55
    "colors": ["ccccff" "ccccff" "ffffff"]
    "hitSize": 4
    "reloadMultiplier":1.1
    "lifetime": 16
    "drawSize": 400
    "collidesAir": true
    "length": 230
    "ammoMultiplier": 1
      }
      
      "metaglass":{
    "type": "LaserBulletType"
    "damage": 60
    "colors": ["ccccff" "ccccff" "ffffff"]
    "hitSize": 4
    "rangeChange": 45
    "reloadMultiplier":0.7
    "lifetime": 16
    "drawSize": 320
    "collidesAir": true
    "length": 275
    "ammoMultiplier": 1.0
      }
      
      "bl":{
    "type": "LaserBulletType"
    "damage": 20
    "colors": ["ccccff" "ccccff" "ffffff"]
    "hitSize": 4
    "reloadMultiplier":0.8
    "lifetime": 16
    "drawSize": 380
    "rangeChange": 85
    "collidesAir": true
    "length": 315
    "ammoMultiplier": 1.0
      }
      
      "jmbl":{
    "type": "LaserBulletType"
    "damage": 80
    "colors": ["ccccff" "ccccff" "ffffff"]
    "hitSize": 4
    "reloadMultiplier":0.6
    "lifetime": 16
    "drawSize": 480
    "rangeChange": 160
    "collidesAir": true
    "length": 390
    "ammoMultiplier": 1.0
      }
      
      "sand":{
    "type": "LaserBulletType"
    "damage": 25
    "colors": ["ccccff" "ccccff" "ffffff"]
    "hitSize": 4
    "reloadMultiplier":0.5
    "lifetime": 16
    "drawSize": 400
    "collidesAir": true
    "rangeChange": 170
    "length": 400
    "ammoMultiplier": 1.0
      }
      
      "scrap":{
    "type": "LaserBulletType"
    "damage": 25
    "colors": ["ccccff" "ccccff" "ffffff"]
    "hitSize": 4
    "reloadMultiplier":0.25
    "lifetime": 16
    "drawSize": 400
    "collidesAir": true
    "rangeChange": 170
    "length": 400
    "ammoMultiplier": 1.0
      }
      
      "graphite":{
    "type": "LaserBulletType"
    "damage": 55
    "colors": ["33ccff" "33ccff" "ffffff"]
    "hitSize": 4
    "reloadMultiplier":1.6
    "lifetime": 16
    "drawSize": 400
    "collidesAir": true
    "length": 230
    "status": "freezing"
    "statusDuration" :150
    "ammoMultiplier": 1
      }
      
      "titanium":{
    "type": "LaserBulletType"
    "damage": 70
    "colors": ["ccccff" "ccccff" "ffffff"]
    "hitSize": 6
    "reloadMultiplier":1.2
    "lifetime": 16
    "drawSize": 600
    "collidesAir": true
    "length": 230
    "status": "corroded"
    "statusDuration": 180
    "ammoMultiplier": 1
      }
      
      "thorium":{
    "type": "LaserBulletType"
    "damage": 105
    "colors": ["ff99ff" "ff99ff" "ffffff"]
    "hitSize": 8
    "reloadMultiplier":0.6
    "lifetime": 16
    "drawSize": 800
    "collidesAir": true
    "length": 230
    "width":30
    "status": "melting"
    "statusDuration": 90
    "ammoMultiplier": 1
    "pierceArmor": true
      }
      
      "silicon":{
    "type": "LaserBulletType"
    "damage": 65
    "colors": ["404040" "404040" "ffffff"]
    "hitSize": 8
    "reloadMultiplier":0.8
    "lifetime": 16
    "drawSize": 800
    "collidesAir": true
    "length": 230
    "statusDuration": 180
    "ammoMultiplier": 1
    "pierceArmor": true
      }
    }
}