{
"health": 580
"armor": 4
"type": "flying"
"isEnemy": false
"lowAltitude": true
"speed": 3.75
"drag": 0.08
"accel": 0.15
"rorateSpeed": 75
"flying": true
"hitSize": 14
"faceTarget": true
"coreUnitDock": true
"engineOffset": 6
"itemCapacity": 80
"mineSpeed": 8.5
"mineTier": 4
"buildSpeed": 3

"abilities": [
	{
		"type": "StatusFieldAbility"
		"effect": "overclock"
		"duration": 360
		"reload": 360
		"range": 40
	}
	{
		"type": "StatusFieldAbility"
		"effect": "overdrive"
		"duration": 360
		"reload": 360
		"range": 40
	}
	{
		"type": "RepairFieldAbility"
		"amount": 80
		"reload": 240
		"range": 40
	}
]

"weapons": [
	{
		"name": "gnj-weapon"
		"reload": 12
		"x": 4
		"y": 0.6
		"inaccuracy": 1.1
		"alternate": true
		"rorate": true
		"mirror": true
		"top": false
		"shootSound": "lasershoot"
		"bullet": {
			"type": "laserBoltBulletType"
			"speed": 10
			"damage": 18
			"lifetime": 25
			"healPercent": 4
			"width": 2.4
			"height": 5.4
			"backColor": "97FFA8FF"
			"frontColor": "FFFFFFFF"
			"status": "electrified"
			"statusDuration": 150
			"collides": true
			"collidesTiles": true
			"collidesTeam": true
			"collidesGround": true
			"collidesAir": true
			"hittable": false
			"reflectable": false
		}
	}
]

    "research": {
        "parent": "hzgs"
        "objectives": [
            {
                "type": "sectorComplete"//undone
                "preset": "jljd"
            }
        ]
    }
}
